{
  "description": {
    "title": "",
    "text": ""
  },
  "links_1": {
    "list_pages": true,
    "title": "Páginas",
    "list": [
      {
        "url": "https://www.infinitepay.io/",
        "text": "InfinitePay"
      }
    ]
  },
  "links_2": {
    "list_categories": false,
    "title": "Categorias",
    "list": [
      {}
    ]
  },
  "contacts": {
    "title": "InfinitePay",
    "phone_wpp": false,
    "socials": true,
    "email": false,
    "address": true
  },
  "stamps": [],
  "payment_methods": {
    "bb": false,
    "visa": false,
    "boleto": false,
    "aura": false,
    "banrisul": false,
    "elo": false,
    "hipercard": false,
    "hsbc": false,
    "bradesco": false,
    "santander": false,
    "mastercard": false,
    "citibank": false,
    "mais": false,
    "itau": false
  },
  "credits": ""
}