{
  "marketing_stripe": {
    "text": "Ganhe 10% OFF na primeira compra com o cupom #InfiniteTop ",
    "link": "",
    "background": "#009b15",
    "color": "#ffffff"
  },
  "contacts_stripe": {
    "pages": [],
    "phone_wpp": false,
    "socials": false
  },
  "categories_list": {
    "featured": [
      "/collection?Collection",
      "/universe?Universe"
    ],
    "random": 2,
    "full_width": true
  },
  "desktop_megamenu": false,
  "search_input": false,
  "alphabetical_order_submenu": false,
  "full_width_submenu": false
}