{
  "meta_title": "",
  "meta_description": "",
  "sections": [
    {
      "type": "banner-slider",
      "autoplay": 9000,
      "full_width": true,
      "slides": [
        {
          "start": "",
          "end": "",
          "img": "/img/uploads/a1.png"
        },
        {
          "start": "",
          "end": "",
          "img": "/img/uploads/a2.png"
        },
        {
          "start": "",
          "end": "",
          "img": "/img/uploads/a3.png"
        },
        {
          "start": "",
          "end": "",
          "img": "/img/uploads/b1.png"
        },
        {
          "start": "",
          "end": "",
          "img": "/img/uploads/b2.png"
        },
        {
          "start": "",
          "end": "",
          "img": "/img/uploads/b3.png"
        },
        {
          "start": "",
          "end": "",
          "mobile_img": "/img/uploads/c.png",
          "img": "/img/uploads/c.png"
        },
        {
          "start": "",
          "end": "",
          "mobile_img": "/img/uploads/d1.png",
          "img": "/img/uploads/d1.png"
        },
        {
          "start": "",
          "end": "",
          "mobile_img": "/img/uploads/d2.png",
          "img": "/img/uploads/d2.png"
        },
        {
          "start": "",
          "end": "",
          "img": "/img/uploads/d3.png"
        },
        {
          "start": "",
          "end": "",
          "img": "/img/uploads/e-3.png"
        }
      ]
    },
    {
      "type": "responsive-banner",
      "img": "/img/uploads/section.png",
      "mobile_img": "/img/uploads/section.png"
    },
    {
      "type": "banners-grid",
      "banners": [
        {
          "img": "/img/uploads/frame-427320526-1-.png",
          "link": "https://cloudwalk.netlify.app/collection",
          "mobile_img": "/img/uploads/frame-427320526-1-.png"
        },
        {
          "img": "/img/uploads/frame-427320527-5-.png",
          "mobile_img": "/img/uploads/frame-427320527-5-.png",
          "link": "https://cloudwalk.netlify.app/universe"
        }
      ]
    }
  ]
}